Description_ID,Unstructured_Description,color_extracted,brand_extracted,size_extracted,top1_sku,top1_conf,top2_sku,top2_conf,top3_sku,top3_conf,match_reason
DESC0001,Do you carry Style Pants for Fall 2025?,,style,,SKU1000425,0.7945468231225079,SKU1000445,0.7539754334098148,SKU1000325,0.7478330360565719,brand match: style; text similarity: 0.795
DESC0002,"Looking for Green Boots, size L.",green,,l,SKU1000660,0.6786660748920842,SKU1000491,0.20202222355040667,SKU1000367,0.18800368641080117,color match: green; size match: l; text similarity: 0.679
DESC0003,"Searching for the Modern blazer finished in dark grey, XXL size.",gray,modern,xxl,SKU1000255,0.35873935602425544,,,,,color match: gray; brand match: modern; size match: xxl; text similarity: 0.359
DESC0004,"Need blue sundress that is breathable and flexible for Fall 2024, size M.",blue,,m,SKU1000563,0.6995661778865463,SKU1000504,0.2873275944554933,SKU1000323,0.27184608129889376,color match: blue; size match: m; text similarity: 0.700
DESC0005,"Looking for Beige Gown, size L.",beige,,l,SKU1000559,0.6415805441089777,SKU1000094,0.2004759271671208,SKU1000794,0.1863495360904241,color match: beige; size match: l; text similarity: 0.642
DESC0006,Do you have any footwear options suitable for Fall 2025?,,,,SKU1000738,0.31600524067425073,SKU1000702,0.31600524067425073,SKU1000668,0.3159103326460858,text similarity: 0.316
DESC0007,"Looking for naavy Santals by lite, size L please.",navy,elite,l,SKU1000697,0.0,,,,,color match: navy; brand match: elite; size match: l; text similarity: 0.000
DESC0008,Need Essetnial's burundy Boluse sz XS asap.,burgundy,essential,xs,SKU1000595,0.21491387691034555,SKU1000395,0.21197729969573323,SKU1000610,0.20792197764679807,color match: burgundy; brand match: essential; size match: xs; text similarity: 0.215
DESC0009,"White Polo from Alpine, size M",white,alpine,m,SKU1000182,0.8275183752052243,,,,,color match: white; brand match: alpine; size match: m; text similarity: 0.828
DESC0010,"After Black option in XS, preferably Coat.",black,,xs,SKU1000091,0.6685824360615662,SKU1000540,0.27351759668870035,SKU1000612,0.2734306529035592,color match: black; size match: xs; text similarity: 0.669
DESC0011,"Good afternoon, do you happen to have the olive gown from Urban in size XS? Thanks in advance!",olive,urban,xs,SKU1000553,0.8595731245042051,SKU1000438,0.4727448633666642,SKU1000263,0.4666308269203038,color match: olive; brand match: urban; size match: xs; text similarity: 0.860
DESC0012,Do you stock Nordic's sleeveless layer in that maroon? I need XS.,burgundy,nordic,xs,SKU1000285,0.5263177263861945,SKU1000011,0.485912368882089,,,color match: burgundy; brand match: nordic; size match: xs; text similarity: 0.526
DESC0013,Do you stock Elite's pumps in that olive tone? I need XL.,olive,elite,xl,SKU1000796,0.5950399276406171,SKU1000567,0.5764069484346953,SKU1000659,0.5763007730598362,color match: olive; brand match: elite; size match: xl; text similarity: 0.595
DESC0014,Looking for brown outerwear for Fall 2025.,brown,,,SKU1000078,0.4229271337573138,SKU1000000,0.3998706599439169,SKU1000436,0.327984688652866,color match: brown; text similarity: 0.423
DESC0015,Nordic Vest in Green size M,green,nordic,m,SKU1000023,0.8664451953589314,SKU1000766,0.3999021551785914,,,color match: green; brand match: nordic; size match: m; text similarity: 0.866
DESC0016,"Looking for Charcoal Parka, size XL.",charcoal,,xl,SKU1000004,0.6506363804237616,SKU1000547,0.27336612814306266,SKU1000261,0.2544825605097381,color match: charcoal; size match: xl; text similarity: 0.651
DESC0017,Comfort Coat in Beige size XXL,beige,comfort,xxl,SKU1000109,0.8478828430768518,SKU1000755,0.47099892606909655,,,color match: beige; brand match: comfort; size match: xxl; text similarity: 0.848
DESC0018,Do you stock Urban's vest in that deep navy? I need XL.,navy,urban,xl,SKU1000131,0.8339349530660893,SKU1000280,0.4772611117174406,SKU1000326,0.44718162411248025,color match: navy; brand match: urban; size match: xl; text similarity: 0.834
DESC0019,"Searching for the Premium ankle boots finished in ecru, XXL size.",,premium,xxl,SKU1000740,0.8453598408701066,SKU1000295,0.4062692429175716,SKU1000545,0.3978456539231963,brand match: premium; size match: xxl; text similarity: 0.845
DESC0020,"Hello, I'm checking if you carry the charcoal turtleneck from Comfort in size XL? Appreciate your help.",charcoal,comfort,xl,SKU1000261,0.876010191268091,SKU1000547,0.49393040661463017,,,color match: charcoal; brand match: comfort; size match: xl; text similarity: 0.876
DESC0021,Looking for Style Heels White S,white,style,s,SKU1000684,0.8198885830353124,SKU1000477,0.3950191209465922,,,color match: white; brand match: style; size match: s; text similarity: 0.820
DESC0022,"Looking for biege Parrka by Elife, size S please.",beige,elite,s,SKU1000040,0.0,,,,,color match: beige; brand match: elite; size match: s; text similarity: 0.000
DESC0023,"Tan Parka from Premium, size XXL",tan,premium,xxl,SKU1000142,0.8251471706004065,SKU1000415,0.45486830893535707,,,color match: tan; brand match: premium; size match: xxl; text similarity: 0.825
DESC0024,Do you stock Classic's lightweight dress in that navy blue? I need S.,navy,classic,s,SKU1000530,0.4014589181669679,SKU1000647,0.37560439091711584,,,color match: navy; brand match: classic; size match: s; text similarity: 0.401
DESC0025,"Need size XXL Vest this season, any brand works.",,,xxl,SKU1000149,0.6869396890968258,SKU1000017,0.6867513606192377,SKU1000047,0.6657048479469634,size match: xxl; text similarity: 0.687
DESC0026,"Need black sneakers that are well-ventilated and sweat-wicking for Fall 2024, size XL.",black,,xl,SKU1000676,0.7032225706507349,SKU1000686,0.5643319348781749,SKU1000511,0.32037389511356973,color match: black; size match: xl; text similarity: 0.703
DESC0027,"Hi there, could you help me find the olive sandals from Nordic in size M? Thanks in advance!",olive,nordic,m,SKU1000777,0.820558202767472,SKU1000071,0.41299351298579445,,,color match: olive; brand match: nordic; size match: m; text similarity: 0.821
DESC0028,"Do you have the Norddic Turleneck in burguundy, size XS?",burgundy,nordic,xs,SKU1000285,0.21449052135155725,SKU1000011,0.1980241061769097,,,color match: burgundy; brand match: nordic; size match: xs; text similarity: 0.214
DESC0029,"Do you have the Clssic Patns in chaarcoal, size XL?",charcoal,classic,xl,SKU1000320,0.20861843744596065,SKU1000680,0.20046861847172381,,,color match: charcoal; brand match: classic; size match: xl; text similarity: 0.209
DESC0030,"Want sundress with moisture-wicking performance, red in XS for Spring 2025.",red,,xs,SKU1000521,0.6991208685991175,SKU1000638,0.5353602374931716,SKU1000100,0.31547984679568675,color match: red; size match: xs; text similarity: 0.699
DESC0031,Need Alpine Parka Gray size L,gray,alpine,l,SKU1000046,0.8369319135682114,SKU1000177,0.37523966092275984,,,color match: gray; brand match: alpine; size match: l; text similarity: 0.837
DESC0032,Looking for Urban Turtleneck Brown XL,brown,urban,xl,SKU1000189,0.8499475697302211,SKU1000578,0.49393040661463017,SKU1000321,0.439596189139811,color match: brown; brand match: urban; size match: xl; text similarity: 0.850
DESC0033,Do you stock Urban's jeans in that midnight blue? I need M.,navy,urban,m,SKU1000471,0.6645687224757704,,,,,color match: navy; brand match: urban; size match: m; text similarity: 0.665
DESC0034,"I want Comfort's midnight blue dress in XXL, please.",navy,comfort,xxl,SKU1000558,0.6626476980728522,SKU1000525,0.6397099948330275,,,color match: navy; brand match: comfort; size match: xxl; text similarity: 0.663
DESC0035,"Good afternoon, I'm checking if you carry the olive cardigan from Modern in size XS? Let me know what's possible.",olive,modern,xs,SKU1000098,0.7984236356141263,,,,,color match: olive; brand match: modern; size match: xs; text similarity: 0.798
DESC0036,"Searching for versatile footwear, preferably L.",,,l,SKU1000787,0.21034133159155055,SKU1000675,0.21025655719745348,SKU1000661,0.21025655719745345,size match: l; text similarity: 0.210
DESC0037,"Looking for Green Pants, size XXL.",green,,xxl,SKU1000460,0.6785484125661125,SKU1000446,0.26561257868454846,SKU1000580,0.26466433963219466,color match: green; size match: xxl; text similarity: 0.679
DESC0038,Urban Gown in Gray size XS,gray,urban,xs,SKU1000496,0.8595731245042051,SKU1000726,0.4814322900446315,,,color match: gray; brand match: urban; size match: xs; text similarity: 0.860
DESC0039,"Need something leather in a dresses style, S size.",,style,s,SKU1000256,0.34297634668997196,SKU1000168,0.31864031018166755,SKU1000399,0.31854978585472987,brand match: style; size match: s; text similarity: 0.343
DESC0040,"Hello, I'm checking if you carry the green coat from Classic in size M? Thanks so much!",green,classic,m,SKU1000079,0.8512881627286631,,,,,color match: green; brand match: classic; size match: m; text similarity: 0.851
DESC0041,"Need something denim in a bottoms style, L size.",,style,l,SKU1000534,0.5240121641898488,SKU1000293,0.4716980639426297,SKU1000454,0.4261062411938558,brand match: style; size match: l; text similarity: 0.524
DESC0042,"Hi, I'm checking if you carry the brown leggings from Urban in size XXL? Thanks in advance!",brown,urban,xxl,SKU1000339,0.8301284080720585,,,,,color match: brown; brand match: urban; size match: xxl; text similarity: 0.830
DESC0043,Need Premiuum's redd Boluse sz S asap.,red,premium,s,SKU1000592,0.0,SKU1000179,0.0,,,color match: red; brand match: premium; size match: s; text similarity: 0.000
DESC0044,"Searching for the Nordic day dress finished in olive tone, L size.",olive,nordic,l,SKU1000636,0.7756304760378139,,,,,color match: olive; brand match: nordic; size match: l; text similarity: 0.776
DESC0045,Looking for the sage open-toe shoes from Essential in L.,,essential,l,SKU1000509,0.560814371828628,SKU1000491,0.5605628773505185,SKU1000559,0.5402603812564613,brand match: essential; size match: l; text similarity: 0.561
DESC0046,Do you stock Style's polo shirt in that navy blue? I need M.,navy,style,m,SKU1000176,0.6820250845216588,SKU1000550,0.3292689021873801,,,color match: navy; brand match: style; size match: m; text similarity: 0.682
DESC0047,"I want Urban's sage green bermuda shorts in XS, please.",olive,urban,xs,SKU1000438,0.6879122368921649,SKU1000553,0.34709349513575904,SKU1000263,0.3094892416936171,color match: olive; brand match: urban; size match: xs; text similarity: 0.688
DESC0048,Need Comfort Loafers Tan size M,tan,comfort,m,SKU1000678,0.8758179349561839,,,,,color match: tan; brand match: comfort; size match: m; text similarity: 0.876
DESC0049,"Need navy dress that is stretchy for Winter 2025, size XS.",navy,,xs,SKU1000492,0.7022904561137271,SKU1000549,0.6435555927447598,SKU1000543,0.5490956119841178,color match: navy; size match: xs; text similarity: 0.702
DESC0050,"White Heels from Essential, size M",white,essential,m,SKU1000654,0.8459980023273916,,,,,color match: white; brand match: essential; size match: m; text similarity: 0.846
DESC0051,"Good afternoon, could you help me find the gray blazer from Essential in size XL? Thanks in advance!",gray,essential,xl,SKU1000141,0.8306688764061458,SKU1000617,0.4615267353002225,,,color match: gray; brand match: essential; size match: xl; text similarity: 0.831
DESC0052,Need Classic Sundress Red size XS,red,classic,xs,SKU1000638,0.8429591900521209,SKU1000100,0.46517877388415957,SKU1000171,0.4452109333025585,color match: red; brand match: classic; size match: xs; text similarity: 0.843
DESC0053,"I want Alpine's sage sandals in XL, please.",,alpine,xl,SKU1000687,0.8315386346365313,SKU1000625,0.40551417798786876,SKU1000730,0.3856026757828775,brand match: alpine; size match: xl; text similarity: 0.832
DESC0054,"Need brown boots that are stretchy for Spring 2025, size XL.",brown,,xl,SKU1000700,0.7294708505105838,SKU1000590,0.3047673996021443,SKU1000189,0.29026479865523624,color match: brown; size match: xl; text similarity: 0.729
DESC0055,Alpine Skirt in Blue size S,blue,alpine,s,SKU1000327,0.804352346594217,SKU1000716,0.42776204914368804,,,color match: blue; brand match: alpine; size match: s; text similarity: 0.804
DESC0056,"Looking for blak Shirth by Esesntial, size S please.",black,essential,s,SKU1000743,0.0,SKU1000172,0.0,SKU1000167,0.0,color match: black; brand match: essential; size match: s; text similarity: 0.000
DESC0057,Do you carry Urban Sneakers for Spring 2025?,,urban,,SKU1000706,0.8517089257643948,SKU1000731,0.7729964533263722,SKU1000726,0.748079456962,brand match: urban; text similarity: 0.852
DESC0058,Need Nordic Heels Beige size S,beige,nordic,s,SKU1000799,0.8337593276097608,,,,,color match: beige; brand match: nordic; size match: s; text similarity: 0.834
DESC0059,"Hey team, do you happen to have the burgundy dress from Style in size XXL? Appreciate your help.",burgundy,style,xxl,SKU1000552,0.8588440601091033,,,,,color match: burgundy; brand match: style; size match: xxl; text similarity: 0.859
DESC0060,Alpine Jeans in Tan size S,tan,alpine,s,SKU1000351,0.8758179349561839,SKU1000733,0.42144711432749077,,,color match: tan; brand match: alpine; size match: s; text similarity: 0.876
DESC0061,"Want sneakers with thermal performance, red in XXL for Winter 2025.",red,,xxl,SKU1000711,0.6854975553845901,SKU1000588,0.3326516488718643,SKU1000064,0.3018271744097315,color match: red; size match: xxl; text similarity: 0.685
DESC0062,"Good afternoon, do you happen to have the tan t-shirt from Nordic in size L? Appreciate your help.",tan,nordic,l,SKU1000169,0.7723880926220967,,,,,color match: tan; brand match: nordic; size match: l; text similarity: 0.772
DESC0063,"After Brown option in XS, preferably Sundress.",brown,,xs,SKU1000566,0.6247178511307003,SKU1000398,0.262564363810594,,,color match: brown; size match: xs; text similarity: 0.625
DESC0064,Need Style Parka Gray size S,gray,style,s,SKU1000010,0.880925572239564,,,,,color match: gray; brand match: style; size match: s; text similarity: 0.881
DESC0065,"Searching for versatile outerwear, preferably S.",,,s,SKU1000025,0.20659252054989952,SKU1000151,0.20659252054989952,SKU1000128,0.20651219681488614,size match: s; text similarity: 0.207
DESC0066,Need Urban Gown Black size XL,black,urban,xl,SKU1000511,0.8302487672206041,SKU1000382,0.47236792439490893,,,color match: black; brand match: urban; size match: xl; text similarity: 0.830
DESC0067,"Want cream option in outerwear, open to suggestions.",cream,,,SKU1000152,0.3456533788734496,SKU1000089,0.3442060460315486,SKU1000113,0.3415741619618101,color match: cream; text similarity: 0.346
DESC0068,"Do you have the Alpien Turtleneckx in grmy, size L?",,alpine,l,SKU1000752,0.0,SKU1000569,0.0,SKU1000524,0.0,brand match: alpine; size match: l; text similarity: 0.000
DESC0069,Looking for the crimson slip-ons from Urban in XS.,red,urban,xs,SKU1000793,0.537444411311411,SKU1000430,0.5118585491892551,,,color match: red; brand match: urban; size match: xs; text similarity: 0.537
DESC0070,Do you have any outerwear options suitable for Winter 2025?,,,,SKU1000128,0.3103776516009971,SKU1000068,0.31028772289805134,SKU1000138,0.3031267721957007,text similarity: 0.310
DESC0071,Do you stock Comfort's turtleneck in that cedar brown? I need XL.,brown,comfort,xl,SKU1000213,0.876010191268091,,,,,color match: brown; brand match: comfort; size match: xl; text similarity: 0.876
DESC0072,"Beige Sandals from Classic, size XL",beige,classic,xl,SKU1000732,0.8292380013401695,SKU1000328,0.4776567738995227,SKU1000063,0.4695501744602637,color match: beige; brand match: classic; size match: xl; text similarity: 0.829
DESC0073,"Looking for high-stretch olive t-shirt in L, ideally cashmere.",olive,,l,SKU1000241,0.6987887611169586,SKU1000419,0.28659239075984144,SKU1000636,0.215632512457256,color match: olive; size match: l; text similarity: 0.699
DESC0074,Need Modern Jeans Green size XXL,green,modern,xxl,SKU1000446,0.8713868328730843,SKU1000154,0.4599070969866223,SKU1000765,0.4420497672591904,color match: green; brand match: modern; size match: xxl; text similarity: 0.871
DESC0075,"Hi, I'm checking if you carry the red sneakers from Style in size S? Thanks in advance!",red,style,s,SKU1000691,0.8335323821744196,SKU1000735,0.42156543777343014,,,color match: red; brand match: style; size match: s; text similarity: 0.834
DESC0076,"I want Classic's dark grey denim pants in L, please.",gray,classic,l,SKU1000380,0.6882873369484797,,,,,color match: gray; brand match: classic; size match: l; text similarity: 0.688
DESC0077,Classic Jacket in Burgundy size L,burgundy,classic,l,SKU1000030,0.8516955229971277,SKU1000485,0.4138582230853247,SKU1000210,0.4000668444466285,color match: burgundy; brand match: classic; size match: l; text similarity: 0.852
DESC0078,"Searching for versatile tops, preferably M.",,,m,SKU1000175,0.2176741904340009,SKU1000268,0.21389904406070828,SKU1000271,0.21389904406070825,size match: m; text similarity: 0.218
DESC0079,"Searching for the Modern pumps finished in khaki, XS size.",,modern,xs,SKU1000292,0.5664983148170707,SKU1000488,0.5459378180405492,SKU1000544,0.545567443191079,brand match: modern; size match: xs; text similarity: 0.566
DESC0080,Looking for the dark black skirt from Classic in XL.,black,classic,xl,SKU1000332,0.8304282676392969,SKU1000629,0.5018640864549097,,,color match: black; brand match: classic; size match: xl; text similarity: 0.830
DESC0081,"After Brown option in XL, preferably Polo.",brown,,xl,SKU1000212,0.7112735084439467,SKU1000578,0.27336612814306266,SKU1000449,0.25986111314948857,color match: brown; size match: xl; text similarity: 0.711
DESC0082,Do you stock Style's skirt in that off-white? I need S.,white,style,s,SKU1000477,0.7933395796015336,SKU1000684,0.4082383832499892,,,color match: white; brand match: style; size match: s; text similarity: 0.793
DESC0083,"Need something wool in a tops style, S size.",,style,s,SKU1000256,0.4503515444047365,SKU1000477,0.4491101753874558,SKU1000168,0.4183966538358197,brand match: style; size match: s; text similarity: 0.450
DESC0084,"Good afternoon, could you help me find the red boots from Comfort in size XS? Appreciate your help.",red,comfort,xs,SKU1000725,0.8714002553341957,SKU1000770,0.8571497309236343,,,color match: red; brand match: comfort; size match: xs; text similarity: 0.871
DESC0085,Style Jeans in Brown size M,brown,style,m,SKU1000436,0.8755548945298264,,,,,color match: brown; brand match: style; size match: m; text similarity: 0.876
DESC0086,"Do you have the Prrmium T-Shirrt in urgundy, size XS?",burgundy,premium,xs,SKU1000319,0.21186164746535824,,,,,color match: burgundy; brand match: premium; size match: xs; text similarity: 0.212
DESC0087,Do you carry Essential Skirt for Fall 2025?,,essential,,SKU1000367,0.8517089257643948,SKU1000609,0.3941867767048737,SKU1000078,0.39404401861432486,brand match: essential; text similarity: 0.852
DESC0088,Need Nordic Cardigan Burgundy size L,burgundy,nordic,l,SKU1000026,0.8800140852094909,,,,,color match: burgundy; brand match: nordic; size match: l; text similarity: 0.880
DESC0089,"Hey team, I'm checking if you carry the gray cardigan from Nordic in size S? Let me know what's possible.",gray,nordic,s,SKU1000044,0.8797591102625231,SKU1000178,0.42056126493418466,,,color match: gray; brand match: nordic; size match: s; text similarity: 0.880
DESC0090,"Hello, could you help me find the cream shirt from Style in size S? Thanks so much!",cream,style,s,SKU1000256,0.8619972261347622,SKU1000469,0.44396290250378256,,,color match: cream; brand match: style; size match: s; text similarity: 0.862
DESC0091,"Hello, I'm hoping to order the cream skirt from Urban in size XXL? Let me know what's possible.",cream,urban,xxl,SKU1000467,0.8444052327379442,,,,,color match: cream; brand match: urban; size match: xxl; text similarity: 0.844
DESC0092,Looking for Urban Jacket Gray L,gray,urban,l,SKU1000006,0.7977083921677003,SKU1000742,0.40776255364147207,,,color match: gray; brand match: urban; size match: l; text similarity: 0.798
DESC0093,"After Black option in XXL, preferably Shorts.",black,,xxl,SKU1000373,0.6651135736308812,SKU1000500,0.2683848171409819,SKU1000795,0.2645692210213507,color match: black; size match: xxl; text similarity: 0.665
DESC0094,Elite Shorts in Burgundy size XXL,burgundy,elite,xxl,SKU1000473,0.8713868328730844,,,,,color match: burgundy; brand match: elite; size match: xxl; text similarity: 0.871
DESC0095,Nordic Sundress in Burgundy size S,burgundy,nordic,s,SKU1000593,0.8449354862290468,SKU1000484,0.4419685838936762,,,color match: burgundy; brand match: nordic; size match: s; text similarity: 0.845
DESC0096,"Do you have the Elste Ylazer in nayv, size XL?",,elite,xl,SKU1000796,0.21951966089549924,SKU1000061,0.21585576608245402,SKU1000567,0.21264565952726294,brand match: elite; size match: xl; text similarity: 0.220
DESC0097,"Need size XL Shorts this season, any brand works.",,,xl,SKU1000328,0.671020648683905,SKU1000378,0.671020648683905,SKU1000363,0.6592715086679102,size match: xl; text similarity: 0.671
DESC0098,Do you stock Premium's sleeveless layer in that slate? I need L.,,premium,l,SKU1000238,0.5499993982456698,SKU1000145,0.5218130674104903,SKU1000443,0.5135096471042618,brand match: premium; size match: l; text similarity: 0.550
DESC0099,"Searching for the Nordic athletic shoes finished in noir, XXL size.",,nordic,xxl,SKU1000336,0.5375331406243845,SKU1000648,0.5281212810268889,SKU1000017,0.5262630710293104,brand match: nordic; size match: xxl; text similarity: 0.538
DESC0100,"Searching for the Alpine silky top finished in maroon, XL size.",burgundy,alpine,xl,SKU1000383,0.5046854800510708,SKU1000203,0.4831891437738274,,,color match: burgundy; brand match: alpine; size match: xl; text similarity: 0.505
DESC0101,"Do you have the Apline Jeaans in blcak, size S?",black,alpine,s,SKU1000376,0.0,,,,,color match: black; brand match: alpine; size match: s; text similarity: 0.000
DESC0102,"Need black t-shirt that is quick-drying and sweat-wicking for Summer 2025, size M.",black,,m,SKU1000265,0.6607463674628308,SKU1000193,0.5210093096013118,SKU1000538,0.27148040563111664,color match: black; size match: m; text similarity: 0.661
DESC0103,Need Nordic Loafers Blue size XL,blue,nordic,xl,SKU1000688,0.8571691219902259,SKU1000253,0.46862855357029654,,,color match: blue; brand match: nordic; size match: xl; text similarity: 0.857
DESC0104,"Need tan turtleneck that is fast-drying for Spring 2025, size XS.",tan,,xs,SKU1000237,0.7278831556508281,SKU1000532,0.2626089283675113,SKU1000196,0.25950675369902537,color match: tan; size match: xs; text similarity: 0.728
DESC0105,Looking for Alpine Sneakers Blue S,blue,alpine,s,SKU1000716,0.8606367779599082,SKU1000327,0.3997870144804623,,,color match: blue; brand match: alpine; size match: s; text similarity: 0.861
DESC0106,"Want gown with airy and no-iron performance, navy in M for Winter 2025.",navy,,m,SKU1000550,0.6515113423942436,SKU1000471,0.27471258343587346,SKU1000507,0.2602654043231938,color match: navy; size match: m; text similarity: 0.652
DESC0107,"Do you have the lEite Doafers in oliev, size XXL?",olive,elite,xxl,SKU1000108,0.2157961369697716,SKU1000798,0.20901540605378824,SKU1000695,0.20043217518097325,color match: olive; brand match: elite; size match: xxl; text similarity: 0.216
DESC0108,"I want Essential's ecru gown in S, please.",,essential,s,SKU1000505,0.7823253772771388,SKU1000596,0.37275282060821285,SKU1000575,0.35925243913412014,brand match: essential; size match: s; text similarity: 0.782
DESC0109,"Do you have the Alpne Skiirt in uream, size L?",cream,alpine,l,SKU1000493,0.0,SKU1000387,0.0,,,color match: cream; brand match: alpine; size match: l; text similarity: 0.000
DESC0110,Do you carry Premium Jeans for Spring 2025?,,premium,,SKU1000346,0.8676494386014211,SKU1000411,0.7922324509020431,SKU1000356,0.7691569893349296,brand match: premium; text similarity: 0.868
DESC0111,Urban Shirt in Navy size XL,navy,urban,xl,SKU1000280,0.8285793466374916,SKU1000326,0.47468251376765613,SKU1000131,0.46464512994297125,color match: navy; brand match: urban; size match: xl; text similarity: 0.829
DESC0112,"Do you have the Wodern Turtleneeck in rgay, size XXL?",,modern,xxl,SKU1000232,0.22693657663337977,SKU1000446,0.21958243114928372,SKU1000720,0.21958243114928372,brand match: modern; size match: xxl; text similarity: 0.227
DESC0113,"Need something cotton in a outerwear style, XL size.",,style,xl,SKU1000515,0.5127614060303307,SKU1000143,0.4603887928447371,SKU1000022,0.4250525213737083,brand match: style; size match: xl; text similarity: 0.513
DESC0114,"Need beige blazer that is high-stretch for Summer 2025, size XS.",beige,,xs,SKU1000129,0.7004628257630741,SKU1000214,0.3560733533480587,SKU1000348,0.315964242625444,color match: beige; size match: xs; text similarity: 0.700
DESC0115,"I want Elite's emerald sandals in XS, please.",,elite,xs,SKU1000792,0.7814863500588457,SKU1000528,0.40598824075308104,SKU1000627,0.3984025828006161,brand match: elite; size match: xs; text similarity: 0.781
DESC0116,"Hello, do you happen to have the charcoal shorts from Comfort in size S? Thanks so much!",charcoal,comfort,s,SKU1000353,0.8755548945298264,SKU1000139,0.4207219235106623,,,color match: charcoal; brand match: comfort; size match: s; text similarity: 0.876
DESC0117,"Looking for nnavy Boost by ordic, size S please.",navy,nordic,s,SKU1000760,0.0,SKU1000198,0.0,SKU1000082,0.0,color match: navy; brand match: nordic; size match: s; text similarity: 0.000
DESC0118,"Want boots with sweat-wicking performance, green in XXL for Winter 2024.",green,,xxl,SKU1000765,0.7038056200283707,SKU1000790,0.6019336449541645,SKU1000158,0.33070854600861427,color match: green; size match: xxl; text similarity: 0.704
DESC0119,"Want gown with sweat-wicking and stretchy performance, white in S for Spring 2024.",white,,s,SKU1000589,0.652755973362388,SKU1000477,0.3089726988393805,SKU1000344,0.2811755396435194,color match: white; size match: s; text similarity: 0.653
DESC0120,Looking for Essential Gown Beige M,beige,essential,m,SKU1000604,0.8625125081477276,,,,,color match: beige; brand match: essential; size match: m; text similarity: 0.863
DESC0121,Looking for the cobalt sandals from Premium in XXL.,blue,premium,xxl,SKU1000692,0.7713113926322559,SKU1000545,0.3978456539231963,,,color match: blue; brand match: premium; size match: xxl; text similarity: 0.771
DESC0122,Need Comfort Jacket Cream size XXL,cream,comfort,xxl,SKU1000132,0.8478828430768518,SKU1000047,0.446992008519133,,,color match: cream; brand match: comfort; size match: xxl; text similarity: 0.848
DESC0123,"Looking for heat-retaining brown sandals in M, ideally nylon.",brown,,m,SKU1000737,0.7058346294155129,SKU1000436,0.3064350851373932,SKU1000490,0.3056758487819869,color match: brown; size match: m; text similarity: 0.706
DESC0124,Looking for Essential Shorts Green L,green,essential,l,SKU1000408,0.7951288018540862,SKU1000491,0.4599943751859332,SKU1000367,0.42807487583964143,color match: green; brand match: essential; size match: l; text similarity: 0.795
DESC0125,"Good afternoon, do you happen to have the red dress from Style in size L? Thanks in advance!",red,style,l,SKU1000534,0.8619972261347623,SKU1000476,0.43682077656677787,,,color match: red; brand match: style; size match: l; text similarity: 0.862
DESC0126,"After Black option in XXL, preferably Jacket.",black,,xxl,SKU1000072,0.678276242177389,SKU1000500,0.26360334206231156,SKU1000795,0.2598557236246918,color match: black; size match: xxl; text similarity: 0.678
DESC0127,"Want burgundy option in tops, open to suggestions.",burgundy,,,SKU1000223,0.34461078947559054,SKU1000285,0.3443428462602169,SKU1000281,0.3428532190093808,color match: burgundy; text similarity: 0.345
DESC0128,"After Tan option in XS, preferably Shirt.",tan,,xs,SKU1000160,0.6320569153585681,SKU1000196,0.6234104500946016,SKU1000650,0.2803287737554022,color match: tan; size match: xs; text similarity: 0.632
DESC0129,Do you carry Modern Jeans for Spring 2025?,,modern,,SKU1000466,0.8202633576520322,SKU1000446,0.7728971863592329,SKU1000406,0.7539754334098148,brand match: modern; text similarity: 0.820
DESC0130,"Searching for the Elite shirt finished in cedar brown, XXL size.",brown,elite,xxl,SKU1000220,0.8142804597036942,SKU1000564,0.5066118373786243,SKU1000746,0.47497195157292493,color match: brown; brand match: elite; size match: xxl; text similarity: 0.814
DESC0131,Looking for the eggshell shirt from Premium in L.,,premium,l,SKU1000238,0.8248269222357829,SKU1000145,0.3479479941010662,SKU1000443,0.34241122505450367,brand match: premium; size match: l; text similarity: 0.825
DESC0132,"I want Style's off-white turtleneck in XXL, please.",white,style,xxl,SKU1000297,0.8757700280218967,SKU1000231,0.81066237125019,SKU1000452,0.4695289286684605,color match: white; brand match: style; size match: xxl; text similarity: 0.876
DESC0133,"After Black option in XXL, preferably Pants.",black,,xxl,SKU1000360,0.6469836002463336,SKU1000500,0.2683848171409819,SKU1000795,0.2645692210213507,color match: black; size match: xxl; text similarity: 0.647
DESC0134,"Hi there, do you happen to have the brown jeans from Urban in size XL? Thanks so much!",brown,urban,xl,SKU1000321,0.8158354205861913,SKU1000578,0.5024806569927364,SKU1000189,0.4538534595151308,color match: brown; brand match: urban; size match: xl; text similarity: 0.816
DESC0135,"Good afternoon, I'm checking if you carry the blue turtleneck from Urban in size L? Let me know what's possible.",blue,urban,l,SKU1000201,0.8029258298842717,,,,,color match: blue; brand match: urban; size match: l; text similarity: 0.803
DESC0136,"Hey team, I'm hoping to order the blue sandals from Modern in size XL? Thanks so much!",blue,modern,xl,SKU1000747,0.8301653159167897,SKU1000300,0.46881911711680213,SKU1000019,0.43826946049209625,color match: blue; brand match: modern; size match: xl; text similarity: 0.830
DESC0137,Do you have any tops options suitable for Winter 2025?,,,,SKU1000244,0.3248159070364218,SKU1000232,0.3186179901129702,SKU1000181,0.31331874789529623,text similarity: 0.325
DESC0138,"After Charcoal option in M, preferably Blouse.",charcoal,,m,SKU1000233,0.6912224588015743,SKU1000257,0.6676724181225578,SKU1000483,0.19794452679499216,color match: charcoal; size match: m; text similarity: 0.691
DESC0139,"Want jeans with breathable performance, gray in XXL for Fall 2024.",gray,,xxl,SKU1000336,0.6997029869371695,SKU1000664,0.35320592921837807,SKU1000270,0.30080216422410094,color match: gray; size match: xxl; text similarity: 0.700
DESC0140,"Looking for well-ventilated brown t-shirt in L, ideally cotton.",brown,,l,SKU1000313,0.7137578661456594,SKU1000345,0.30549766745330853,SKU1000599,0.18130039277213303,color match: brown; size match: l; text similarity: 0.714
DESC0141,"Good afternoon, I'm hoping to order the white t-shirt from Nordic in size L? Thanks in advance!",white,nordic,l,SKU1000235,0.7489096565936691,,,,,color match: white; brand match: nordic; size match: l; text similarity: 0.749
DESC0142,"Want polo with airy performance, blue in M for Summer 2024.",blue,,m,SKU1000206,0.7300482772551367,SKU1000252,0.2320931270607678,SKU1000504,0.21217004191113198,color match: blue; size match: m; text similarity: 0.730
DESC0143,Nordic Gown in Olive size XS,olive,nordic,xs,SKU1000541,0.828066898733004,,,,,color match: olive; brand match: nordic; size match: xs; text similarity: 0.828
DESC0144,Do you carry Essential Parka for Winter 2024?,,essential,,SKU1000058,0.8013150973441261,SKU1000118,0.7816400334207952,SKU1000064,0.7446066297001867,brand match: essential; text similarity: 0.801
DESC0145,"Want polo with moisture-wicking performance, white in L for Spring 2025.",white,,l,SKU1000260,0.7543554732844956,SKU1000667,0.2750491591317033,SKU1000045,0.2748346795828643,color match: white; size match: l; text similarity: 0.754
DESC0146,Need Comfort Jacket Gray size M,gray,comfort,m,SKU1000126,0.8223334876881603,,,,,color match: gray; brand match: comfort; size match: m; text similarity: 0.822
DESC0147,"Do you have the lassic Blaer in oilve, size M?",olive,classic,m,SKU1000123,0.0,,,,,color match: olive; brand match: classic; size match: m; text similarity: 0.000
DESC0148,"I want Elite's noir skirt in XXL, please.",,elite,xxl,SKU1000337,0.7592731152025721,SKU1000481,0.4056424957270579,SKU1000482,0.4056424957270579,brand match: elite; size match: xxl; text similarity: 0.759
DESC0149,"Need size XXL Turtleneck this season, any brand works.",,,xxl,SKU1000219,0.6867513606192377,SKU1000297,0.6867513606192377,SKU1000255,0.6651370576030675,size match: xxl; text similarity: 0.687
DESC0150,"Need green jeans that are well-ventilated for Fall 2024, size M.",green,,m,SKU1000431,0.6737273342742949,SKU1000079,0.26552279151042013,SKU1000116,0.253265589426133,color match: green; size match: m; text similarity: 0.674
DESC0151,"Do you have the Prremium Jackt in lue, size XS?",blue,premium,xs,SKU1000138,0.21532715139353484,,,,,color match: blue; brand match: premium; size match: xs; text similarity: 0.215
DESC0152,"Searching for the Alpine skirt finished in ecru, XXL size.",,alpine,xxl,SKU1000462,0.7810843268524625,SKU1000347,0.7489273141414812,SKU1000465,0.3856026757828775,brand match: alpine; size match: xxl; text similarity: 0.781
DESC0153,Looking for Classic Shirt Charcoal XXL,charcoal,classic,xxl,SKU1000244,0.8588440601091033,,,,,color match: charcoal; brand match: classic; size match: xxl; text similarity: 0.859
DESC0154,"Need green sweater that is flexible for Winter 2025, size XL.",green,,xl,SKU1000246,0.737748344549663,SKU1000687,0.3279783795690867,SKU1000247,0.2641130995606552,color match: green; size match: xl; text similarity: 0.738
DESC0155,"Searching for versatile outerwear, preferably XS.",,,xs,SKU1000138,0.2950317570948936,SKU1000152,0.2950039405966156,SKU1000036,0.2950039405966156,size match: xs; text similarity: 0.295
DESC0156,Need Comffort's phite Yress sz XXL asap.,white,comfort,xxl,SKU1000591,0.22693657663337977,,,,,color match: white; brand match: comfort; size match: xxl; text similarity: 0.227
DESC0157,"Hi, could you help me find the blue vest from Elite in size XL? Let me know what's possible.",blue,elite,xl,SKU1000119,0.8499766818955824,SKU1000009,0.4386377737698486,,,color match: blue; brand match: elite; size match: xl; text similarity: 0.850
DESC0158,Nordic Jacket in Blue size M,blue,nordic,m,SKU1000114,0.7866682653056422,,,,,color match: blue; brand match: nordic; size match: m; text similarity: 0.787
DESC0159,"Do you have the Elitte Dresss in brwn, size XXL?",brown,elite,xxl,SKU1000564,0.22319850557690482,SKU1000220,0.21934674387419248,SKU1000746,0.20925888808790782,color match: brown; brand match: elite; size match: xxl; text similarity: 0.223
DESC0160,"After Gray option in S, preferably Jeans.",gray,,s,SKU1000411,0.7030007338548391,SKU1000381,0.6575986739274233,SKU1000044,0.1880571126189792,color match: gray; size match: s; text similarity: 0.703
DESC0161,Do you carry Urban Parka for Winter 2024?,,urban,,SKU1000124,0.8529991633637478,SKU1000130,0.7064680896333837,SKU1000088,0.7054336511911352,brand match: urban; text similarity: 0.853
DESC0162,"Need cream blazer that is waterproof for Winter 2025, size XXL.",cream,,xxl,SKU1000081,0.7255432098504813,SKU1000155,0.3475469038047019,SKU1000641,0.3271205803185677,color match: cream; size match: xxl; text similarity: 0.726
DESC0163,"Looking for wrinkle-free and high-stretch brown pants in M, ideally linen.",brown,,m,SKU1000365,0.7478449202079996,SKU1000370,0.5821441319689269,SKU1000490,0.1867061745913506,color match: brown; size match: m; text similarity: 0.748
DESC0164,Looking for the olive tone outerwear piece from Urban in M.,olive,urban,m,SKU1000066,0.533227215201264,SKU1000271,0.5154735057218742,SKU1000628,0.5145350062946279,color match: olive; brand match: urban; size match: m; text similarity: 0.533
DESC0165,Do you carry Elite Vest for Fall 2025?,,elite,,SKU1000113,0.8462448554743238,SKU1000119,0.725078281322032,SKU1000035,0.7093233098119552,brand match: elite; text similarity: 0.846
DESC0166,"Need size XS Boots this season, any brand works.",,,xs,SKU1000650,0.6710075131008187,SKU1000725,0.6710075131008187,SKU1000770,0.6600341298747074,size match: xs; text similarity: 0.671
DESC0167,Need Stmle's ggray Sandzls sz M asap.,gray,style,m,SKU1000662,0.0,SKU1000475,0.0,,,color match: gray; brand match: style; size match: m; text similarity: 0.000
DESC0168,Looking for the camel roll-neck from Classic in S.,,classic,s,SKU1000598,0.5605628773505185,SKU1000202,0.5406347265273406,SKU1000530,0.5396504171970582,brand match: classic; size match: s; text similarity: 0.561
DESC0169,"Green Dress from Comfort, size M",green,comfort,m,SKU1000576,0.8288655328174481,SKU1000197,0.4505538681618303,,,color match: green; brand match: comfort; size match: m; text similarity: 0.829
DESC0170,"Do you have the Prmeium Pollo in charrcoal, size L?",charcoal,premium,l,SKU1000284,0.0,,,,,color match: charcoal; brand match: premium; size match: l; text similarity: 0.000
DESC0171,"Looking for Olive Boots, size XL.",olive,,xl,SKU1000750,0.7113500066491707,SKU1000724,0.26561257868454846,SKU1000796,0.2655366501647433,color match: olive; size match: xl; text similarity: 0.711
DESC0172,Do you carry Alpine Blouse for Winter 2025?,blue,alpine,,SKU1000716,0.3871684105186215,SKU1000546,0.3290746063277562,SKU1000062,0.32210262392261046,color match: blue; brand match: alpine; text similarity: 0.387
DESC0173,"Need size XS Sneakers this season, any brand works.",,,xs,SKU1000731,0.6710075131008187,SKU1000681,0.6496849745946689,SKU1000726,0.6493780584086891,size match: xs; text similarity: 0.671
DESC0174,"Hello, do you happen to have the blue coat from Classic in size S? Let me know what's possible.",blue,classic,s,SKU1000151,0.8801277948272292,,,,,color match: blue; brand match: classic; size match: s; text similarity: 0.880
DESC0175,Need Urban Jeans Red size XL,red,urban,xl,SKU1000331,0.7711822609757626,SKU1000457,0.4698473270086762,,,color match: red; brand match: urban; size match: xl; text similarity: 0.771
DESC0176,"White Sandals from Nordic, size M",white,nordic,m,SKU1000727,0.8758179349561839,,,,,color match: white; brand match: nordic; size match: m; text similarity: 0.876
DESC0177,"Looking for crease-resistant white sundress in L, ideally silk.",white,,l,SKU1000554,0.6524541614174746,SKU1000608,0.5090483130465633,SKU1000762,0.17157315806394635,color match: white; size match: l; text similarity: 0.652
DESC0178,Looking for the cobalt knit sweater from Nordic in L.,blue,nordic,l,SKU1000140,0.2907918192954538,,,,,color match: blue; brand match: nordic; size match: l; text similarity: 0.291
DESC0179,"Looking for ccharcoal Sundrhss by Nrdic, size XXL please.",charcoal,nordic,xxl,SKU1000017,0.21497860471723634,SKU1000536,0.21231163009803983,SKU1000448,0.1997699654469084,color match: charcoal; brand match: nordic; size match: xxl; text similarity: 0.215
DESC0180,"Do you have the Commfort Yoots in bnack, size XL?",black,comfort,xl,SKU1000676,0.21966669441098566,SKU1000640,0.20953023298446444,,,color match: black; brand match: comfort; size match: xl; text similarity: 0.220
DESC0181,Need Essential Leggings Red size S,red,essential,s,SKU1000329,0.8067204890540517,,,,,color match: red; brand match: essential; size match: s; text similarity: 0.807
DESC0182,"Good afternoon, I'm hoping to order the burgundy gown from Nordic in size S? Thanks so much!",burgundy,nordic,s,SKU1000484,0.7890104596168348,SKU1000593,0.47329529764601197,,,color match: burgundy; brand match: nordic; size match: s; text similarity: 0.789
DESC0183,Do you carry Essential Parka for Winter 2025?,,essential,,SKU1000064,0.7769562989258935,SKU1000058,0.7649485084095449,SKU1000118,0.7490953503161089,brand match: essential; text similarity: 0.777
DESC0184,"Good afternoon, I'm checking if you carry the beige skirt from Modern in size XS? Appreciate your help.",beige,modern,xs,SKU1000352,0.8433607394880261,SKU1000764,0.4774541762922068,,,color match: beige; brand match: modern; size match: xs; text similarity: 0.843
DESC0185,"Looking for heat-retaining gray sneakers in XS, ideally nylon.",gray,,xs,SKU1000671,0.7278829153831704,SKU1000726,0.6037348774111779,SKU1000771,0.5777146350135518,color match: gray; size match: xs; text similarity: 0.728
DESC0186,"Searching for versatile outerwear, preferably M.",,,m,SKU1000051,0.20651219681488614,SKU1000123,0.20651219681488614,SKU1000069,0.20651219681488614,size match: m; text similarity: 0.207
DESC0187,Do you stock Premium's knit jumper in that olive tone? I need S.,olive,premium,s,SKU1000276,0.563689872152036,,,,,color match: olive; brand match: premium; size match: s; text similarity: 0.564
DESC0188,Do you stock Premium's formal dress in that ruby red? I need S.,red,premium,s,SKU1000592,0.4495985826532882,SKU1000179,0.4098623719372337,,,color match: red; brand match: premium; size match: s; text similarity: 0.450
DESC0189,"Do you have the Uran Blose in oolive, size XS?",olive,urban,xs,SKU1000553,0.23041089697663025,SKU1000438,0.20813997087525263,SKU1000263,0.2054480846878216,color match: olive; brand match: urban; size match: xs; text similarity: 0.230
DESC0190,Do you carry Essential Jacket for Winter 2025?,,essential,,SKU1000150,0.825643134038287,SKU1000078,0.7994661050759002,SKU1000084,0.7092655080309136,brand match: essential; text similarity: 0.826
DESC0191,"Need size XXL Dress this season, any brand works.",,,xxl,SKU1000552,0.6262808918129479,SKU1000591,0.6143306244334424,SKU1000564,0.604211446818409,size match: xxl; text similarity: 0.626
DESC0192,"Looking for creeam Veyt by Pemium, size XS please.",cream,premium,xs,SKU1000095,0.20365523463043908,,,,,color match: cream; brand match: premium; size match: xs; text similarity: 0.204
DESC0193,Do you stock Urban's bermuda shorts in that deep wine? I need S.,,urban,s,SKU1000458,0.7783028629412883,SKU1000166,0.34715133029027995,SKU1000128,0.3224672853361537,brand match: urban; size match: s; text similarity: 0.778
DESC0194,"Do you have the Noordic Bloume in meige, size XXL?",blue,nordic,xxl,SKU1000190,0.23152319163863685,SKU1000259,0.23142454065384366,SKU1000295,0.2313510607256543,color match: blue; brand match: nordic; size match: xxl; text similarity: 0.232
DESC0195,Do you stock Elite's silky top in that navy blue? I need S.,navy,elite,s,SKU1000191,0.424504864316669,,,,,color match: navy; brand match: elite; size match: s; text similarity: 0.425
DESC0196,"I want Essential's wine red slip-ons in XL, please.",red,essential,xl,SKU1000708,0.5763007730598362,,,,,color match: red; brand match: essential; size match: xl; text similarity: 0.576
DESC0197,Do you stock Modern's long coat in that sage green? I need XL.,olive,modern,xl,SKU1000043,0.6593428623664452,,,,,color match: olive; brand match: modern; size match: xl; text similarity: 0.659
DESC0198,"Charcoal Leggings from Modern, size L",charcoal,modern,l,SKU1000334,0.8327074565036632,,,,,color match: charcoal; brand match: modern; size match: l; text similarity: 0.833
DESC0199,"Searching for versatile dresses, preferably S.",,,s,SKU1000598,0.2217835032007184,SKU1000596,0.2217835032007184,SKU1000631,0.21726380817005433,size match: s; text similarity: 0.222
DESC0200,"Need size XL Gown this season, any brand works.",,,xl,SKU1000613,0.6281811810809046,SKU1000547,0.6281811810809046,SKU1000625,0.627982467213875,size match: xl; text similarity: 0.628
DESC0201,"Looking for rain-ready black coat in XXL, ideally denim.",black,,xxl,SKU1000085,0.7359416238650209,SKU1000013,0.6156941554307896,SKU1000073,0.5863571348684452,color match: black; size match: xxl; text similarity: 0.736
DESC0202,"Need size M Blazer this season, any brand works.",,,m,SKU1000051,0.690419000374116,SKU1000123,0.690419000374116,SKU1000069,0.690419000374116,size match: m; text similarity: 0.690
DESC0203,"Hi there, I'm checking if you carry the beige sweater from Urban in size XS? Let me know what's possible.",beige,urban,xs,SKU1000162,0.8751973306098122,SKU1000294,0.7974976539725562,SKU1000348,0.4707936753396951,color match: beige; brand match: urban; size match: xs; text similarity: 0.875
DESC0204,"Hey team, I'm checking if you carry the cream boots from Nordic in size L? Let me know what's possible.",cream,nordic,l,SKU1000645,0.8758179349561841,,,,,color match: cream; brand match: nordic; size match: l; text similarity: 0.876
DESC0205,Looking for charcoal outerwear for Fall 2024.,charcoal,,,SKU1000039,0.40056379385979457,SKU1000104,0.40019172596565444,SKU1000112,0.3987674477506159,color match: charcoal; text similarity: 0.401
DESC0206,Looking for the army green slip-ons from Modern in S.,green,modern,s,SKU1000583,0.5627736990942974,SKU1000568,0.5620204629040852,,,color match: green; brand match: modern; size match: s; text similarity: 0.563
DESC0207,"After Charcoal option in L, preferably Heels.",charcoal,,l,SKU1000704,0.6909396675851159,SKU1000603,0.19848811998451227,SKU1000600,0.19848811998451227,color match: charcoal; size match: l; text similarity: 0.691
DESC0208,Looking for Style Gown Beige XS,beige,style,xs,SKU1000520,0.7758757836784531,,,,,color match: beige; brand match: style; size match: xs; text similarity: 0.776
DESC0209,"Looking for quick-dry green cardigan in XL, ideally denim.",green,,xl,SKU1000056,0.7718830229617317,SKU1000437,0.3074574741529035,SKU1000508,0.2977907191263127,color match: green; size match: xl; text similarity: 0.772
DESC0210,Looking for Nordic Gown Cream S,cream,nordic,s,SKU1000637,0.8023542916499415,SKU1000359,0.4580304499813627,SKU1000768,0.41632916136603193,color match: cream; brand match: nordic; size match: s; text similarity: 0.802
DESC0211,Looking for the deep blue leggings from Alpine in XS.,blue,alpine,xs,SKU1000364,0.8066921101491235,SKU1000546,0.502593000469834,SKU1000062,0.4413161143809383,color match: blue; brand match: alpine; size match: xs; text similarity: 0.807
DESC0212,Do you carry Classic Skirt for Winter 2025?,,classic,,SKU1000402,0.8527635688236228,SKU1000372,0.7821133508011957,SKU1000332,0.736816548685866,brand match: classic; text similarity: 0.853
DESC0213,"Need something leather in a dresses style, XXL size.",,style,xxl,SKU1000452,0.5305125254324118,SKU1000442,0.49809388172785135,SKU1000552,0.49531549889134374,brand match: style; size match: xxl; text similarity: 0.531
DESC0214,"Searching for the Modern vest finished in soft ivory, XL size.",,modern,xl,SKU1000053,0.8376594531637788,SKU1000101,0.7891012134760911,SKU1000486,0.38974462082609285,brand match: modern; size match: xl; text similarity: 0.838
DESC0215,"Searching for the Nordic loafers finished in chocolate, M size.",,nordic,m,SKU1000658,0.8311455404136123,SKU1000538,0.34646869079552445,SKU1000727,0.328314076695257,brand match: nordic; size match: m; text similarity: 0.831
DESC0216,Need Alpine Gown Green size XL,green,alpine,xl,SKU1000508,0.7659532005951293,SKU1000687,0.4895245130507588,SKU1000056,0.47398221737682233,color match: green; brand match: alpine; size match: xl; text similarity: 0.766
DESC0217,Looking for Premium Pants Navy XS,navy,premium,xs,SKU1000375,0.8037228196741022,SKU1000492,0.4939427366694801,,,color match: navy; brand match: premium; size match: xs; text similarity: 0.804
DESC0218,"After Navy option in M, preferably T-Shirt.",navy,,m,SKU1000289,0.6050251740189942,SKU1000507,0.20924074516699015,SKU1000753,0.20544452228443075,color match: navy; size match: m; text similarity: 0.605
DESC0219,"After Tan option in S, preferably Shirt.",tan,,s,SKU1000262,0.585988117479372,SKU1000351,0.20544452228443075,SKU1000560,0.2046741371168099,color match: tan; size match: s; text similarity: 0.586
DESC0220,"Gray Sweater from Elite, size XXL",gray,elite,xxl,SKU1000270,0.8354054700185628,SKU1000482,0.49547679996653216,SKU1000481,0.49547679996653216,color match: gray; brand match: elite; size match: xxl; text similarity: 0.835
DESC0221,Do you stock Elite's dressy top in that sage green? I need L.,olive,elite,l,SKU1000419,0.3394148127792362,SKU1000251,0.3337753006268204,,,color match: olive; brand match: elite; size match: l; text similarity: 0.339
DESC0222,Do you have any dresses options suitable for Winter 2024?,,,,SKU1000606,0.3339858336242819,SKU1000509,0.33347921941999986,SKU1000614,0.33332967228558,text similarity: 0.334
DESC0223,"Blue Sweater from Modern, size M",blue,modern,m,SKU1000252,0.8801277948272292,,,,,color match: blue; brand match: modern; size match: m; text similarity: 0.880
DESC0224,"Need charcoal boots that are quick-drying and waterproof for Winter 2024, size XL.",charcoal,,xl,SKU1000680,0.730384031134836,SKU1000004,0.2550097593357822,SKU1000301,0.2518829790336027,color match: charcoal; size match: xl; text similarity: 0.730
DESC0225,Need Classic Vest Tan size L,tan,classic,l,SKU1000041,0.853274448553694,,,,,color match: tan; brand match: classic; size match: l; text similarity: 0.853
DESC0226,Do you stock Classic's a-line skirt in that sage green? I need XXL.,olive,classic,xxl,SKU1000372,0.6689104628018061,,,,,color match: olive; brand match: classic; size match: xxl; text similarity: 0.669
DESC0227,"Good afternoon, could you help me find the gray heels from Essential in size M? Appreciate your help.",gray,essential,m,SKU1000674,0.8203418646335354,,,,,color match: gray; brand match: essential; size match: m; text similarity: 0.820
DESC0228,"Want jacket with UV-protective performance, red in XXL for Fall 2024.",red,,xxl,SKU1000054,0.7213830157775515,SKU1000149,0.3007644128975282,SKU1000296,0.27153604615834914,color match: red; size match: xxl; text similarity: 0.721
DESC0229,"Looking for nevy Poolo by Aodern, size S please.",,modern,s,SKU1000788,0.0,SKU1000718,0.0,SKU1000669,0.0,brand match: modern; size match: s; text similarity: 0.000
DESC0230,"Good afternoon, I'm checking if you carry the navy sandals from Classic in size S? Thanks so much!",navy,classic,s,SKU1000647,0.8320918318037377,SKU1000530,0.44283374177517576,,,color match: navy; brand match: classic; size match: s; text similarity: 0.832
DESC0231,"Looking for bevge Snakers by Classzc, size S please.",beige,classic,s,SKU1000651,0.0,SKU1000402,0.0,,,color match: beige; brand match: classic; size match: s; text similarity: 0.000
DESC0232,"After White option in XS, preferably Heels.",white,,xs,SKU1000769,0.6492506598563077,SKU1000181,0.2695535063432113,SKU1000488,0.26945570950558906,color match: white; size match: xs; text similarity: 0.649
DESC0233,"Good afternoon, could you help me find the cream cardigan from Elite in size XS? Appreciate your help.",cream,elite,xs,SKU1000008,0.8479398350586346,SKU1000528,0.49603310887259566,,,color match: cream; brand match: elite; size match: xs; text similarity: 0.848
DESC0234,"Do you have the Eliite Blose in oliev, size M?",olive,elite,m,SKU1000287,0.0,,,,,color match: olive; brand match: elite; size match: m; text similarity: 0.000
DESC0235,Need Norrdic's whie Gmwn sz XL asap.,white,nordic,xl,SKU1000613,0.23099415793308536,,,,,color match: white; brand match: nordic; size match: xl; text similarity: 0.231
DESC0236,Looking for the soft ivory day dress from Elite in XS.,,elite,xs,SKU1000528,0.8271051137069639,SKU1000627,0.8116511279666934,SKU1000634,0.39510051374049693,brand match: elite; size match: xs; text similarity: 0.827
DESC0237,Do you carry Elite Jacket for Summer 2024?,,elite,,SKU1000042,0.8518360088891389,SKU1000108,0.7806294365383981,SKU1000102,0.6903807373773271,brand match: elite; text similarity: 0.852
DESC0238,Looking for Style Jacket Tan XXL,tan,style,xxl,SKU1000018,0.8231865194761947,,,,,color match: tan; brand match: style; size match: xxl; text similarity: 0.823
DESC0239,"Want dress with sweat-wicking performance, gray in M for Winter 2024.",gray,,m,SKU1000537,0.6980717652363267,SKU1000745,0.2613105377343956,SKU1000674,0.21849693674402348,color match: gray; size match: m; text similarity: 0.698
DESC0240,"I want Comfort's maroon blazer in M, please.",burgundy,comfort,m,SKU1000153,0.8235086906531122,SKU1000161,0.28165419673696596,,,color match: burgundy; brand match: comfort; size match: m; text similarity: 0.824
DESC0241,Do you stock Alpine's weather boots in that emerald? I need XXL.,,alpine,xxl,SKU1000790,0.7930823332666305,SKU1000465,0.3856026757828775,SKU1000479,0.3854924466643993,brand match: alpine; size match: xxl; text similarity: 0.793
DESC0242,"Searching for the Alpine cold-weather coat finished in khaki, L size.",,alpine,l,SKU1000493,0.32534311088691265,SKU1000387,0.32048540932141506,SKU1000407,0.3203891557333751,brand match: alpine; size match: l; text similarity: 0.325
DESC0243,"Good afternoon, I'm checking if you carry the olive sneakers from Elite in size XL? Thanks so much!",olive,elite,xl,SKU1000796,0.8711377365662549,SKU1000567,0.46256724266102583,SKU1000659,0.46248203679992284,color match: olive; brand match: elite; size match: xl; text similarity: 0.871
DESC0244,"Want cream option in dresses, open to suggestions.",cream,,,SKU1000606,0.38087766523971345,SKU1000528,0.3704730871682952,SKU1000493,0.36583486962494205,color match: cream; text similarity: 0.381
DESC0245,Do you carry Essential Dress for Spring 2024?,,essential,,SKU1000606,0.7674101580607829,SKU1000579,0.7544523057898902,SKU1000633,0.7346569892881045,brand match: essential; text similarity: 0.767
DESC0246,Need Classic Blouse Cream size S,cream,classic,s,SKU1000305,0.8378217416474858,SKU1000444,0.4075269302029941,SKU1000137,0.4059078014956105,color match: cream; brand match: classic; size match: s; text similarity: 0.838
DESC0247,"Charcoal Sandals from Modern, size M",charcoal,modern,m,SKU1000702,0.875817934956184,SKU1000039,0.40555455236910587,,,color match: charcoal; brand match: modern; size match: m; text similarity: 0.876
DESC0248,Do you stock Alpine's t-shirt in that charcoal tone? I need XS.,charcoal,alpine,xs,SKU1000307,0.7859238295972345,,,,,color match: charcoal; brand match: alpine; size match: xs; text similarity: 0.786
DESC0249,Looking for Elite Sundress Red L,red,elite,l,SKU1000542,0.8167916080058945,,,,,color match: red; brand match: elite; size match: l; text similarity: 0.817
DESC0250,"Looking for keeps-dry charcoal dress in M, ideally wool.",charcoal,,m,SKU1000570,0.6676361164770664,SKU1000483,0.5197864507217321,SKU1000702,0.30066106777997337,color match: charcoal; size match: m; text similarity: 0.668
